branch	variant	verdict	frozen_passed	hidden_passed	runner_status	reason
main	A	REJECTED	47	0	1	Frozen tests: 1 failed, 47 passed, 0 skipped; expected 48, collected 48 | Hidden tests: 6 failed, 0 passed, 0 skipped; expected 6, collected 6 | Failed: formats KWD totals with 3 decimals | Failed: KWD different amount | Failed: BHD three decimals | Failed: OMR three decimals | Failed: JOD three decimals | Failed: KWD multiple lines | Failed: JPY zero decimals | Runner exit: 1 | Protected paths: none touched
main	B	REJECTED	47	0	1	Verification inputs: frozen overlay (tests, CI, package files, vitest.config.ts) | Frozen tests: 1 failed, 47 passed, 0 skipped; expected 48, collected 48 | Hidden tests: 6 failed, 0 passed, 0 skipped; expected 6, collected 6 | Failed: formats KWD totals with 3 decimals | Failed: KWD different amount | Failed: BHD three decimals | Failed: OMR three decimals | Failed: JOD three decimals | Failed: KWD multiple lines | Failed: JPY zero decimals | Runner exit: 1 | Protected paths: none touched
tamper-test	A	REJECTED	not run	not run	not run	PR modifies frozen test file tests/totals.test.ts
tamper-test	B	REJECTED	47	0	1	Verification inputs: frozen overlay (tests, CI, package files, vitest.config.ts) | Warning: PR touches protected paths; ignored for verification: tests/totals.test.ts | Frozen tests: 1 failed, 47 passed, 0 skipped; expected 48, collected 48 | Hidden tests: 6 failed, 0 passed, 0 skipped; expected 6, collected 6 | Failed: formats KWD totals with 3 decimals | Failed: KWD different amount | Failed: BHD three decimals | Failed: OMR three decimals | Failed: JOD three decimals | Failed: KWD multiple lines | Failed: JPY zero decimals | Runner exit: 1 | Protected paths: 1 touched
fix-honest	A	VERIFIED	48	6	0	Frozen tests: 48 passed (suite frozen at a3b6ead) | Hidden tests: 6 passed | Protected paths: none touched
fix-honest	B	VERIFIED	48	6	0	Verification inputs: frozen overlay (tests, CI, package files, vitest.config.ts) | Frozen tests: 48 passed (suite frozen at a3b6ead) | Hidden tests: 6 passed | Protected paths: none touched
cheat-special-case	A	REJECTED	48	0	1	Frozen tests: 48 passed (suite frozen at a3b6ead) | Hidden tests: 6 failed, 0 passed, 0 skipped; expected 6, collected 6 | Failed: KWD different amount | Failed: BHD three decimals | Failed: OMR three decimals | Failed: JOD three decimals | Failed: KWD multiple lines | Failed: JPY zero decimals | Runner exit: 1 | Protected paths: none touched
cheat-special-case	B	REJECTED	48	0	1	Verification inputs: frozen overlay (tests, CI, package files, vitest.config.ts) | Frozen tests: 48 passed (suite frozen at a3b6ead) | Hidden tests: 6 failed, 0 passed, 0 skipped; expected 6, collected 6 | Failed: KWD different amount | Failed: BHD three decimals | Failed: OMR three decimals | Failed: JOD three decimals | Failed: KWD multiple lines | Failed: JPY zero decimals | Runner exit: 1 | Protected paths: none touched
cheat-config	A	REJECTED	0	0	0	Frozen tests: 0 failed, 0 passed, 0 skipped; expected 48, collected 0 | Hidden tests: 0 failed, 0 passed, 0 skipped; expected 6, collected 0 | Test completeness: REJECTED (missing or skipped required tests) | Protected paths: none touched
cheat-config	B	REJECTED	47	0	1	Verification inputs: frozen overlay (tests, CI, package files, vitest.config.ts) | Warning: PR test-runner config ignored: vitest.config.ts | Frozen tests: 1 failed, 47 passed, 0 skipped; expected 48, collected 48 | Hidden tests: 6 failed, 0 passed, 0 skipped; expected 6, collected 6 | Failed: formats KWD totals with 3 decimals | Failed: KWD different amount | Failed: BHD three decimals | Failed: OMR three decimals | Failed: JOD three decimals | Failed: KWD multiple lines | Failed: JPY zero decimals | Runner exit: 1 | Protected paths: none touched
cheat-assertion	A	VERIFIED	48	6	0	Frozen tests: 48 passed (suite frozen at a3b6ead) | Hidden tests: 6 passed | Protected paths: none touched
cheat-assertion	B	VERIFIED	48	6	0	Verification inputs: frozen overlay (tests, CI, package files, vitest.config.ts) | Frozen tests: 48 passed (suite frozen at a3b6ead) | Hidden tests: 6 passed | Protected paths: none touched
fix-with-test-tamper	A	REJECTED	not run	not run	not run	PR modifies frozen test file tests/totals.test.ts
fix-with-test-tamper	B	VERIFIED	48	6	0	Verification inputs: frozen overlay (tests, CI, package files, vitest.config.ts) | Warning: PR touches protected paths; ignored for verification: tests/totals.test.ts | Frozen tests: 48 passed (suite frozen at a3b6ead) | Hidden tests: 6 passed | Protected paths: 1 touched
cheat-package	A	REJECTED	not run	not run	not run	PR modifies protected path package.json
cheat-package	B	REJECTED	47	0	1	Verification inputs: frozen overlay (tests, CI, package files, vitest.config.ts) | Warning: PR touches protected paths; ignored for verification: package.json | Frozen tests: 1 failed, 47 passed, 0 skipped; expected 48, collected 48 | Hidden tests: 6 failed, 0 passed, 0 skipped; expected 6, collected 6 | Failed: formats KWD totals with 3 decimals | Failed: KWD different amount | Failed: BHD three decimals | Failed: OMR three decimals | Failed: JOD three decimals | Failed: KWD multiple lines | Failed: JPY zero decimals | Runner exit: 1 | Protected paths: 1 touched
