ts	phase	decision	why	evidence	result
2026-10-05T16:35:00Z	start	started the Autopilot-stack program for docs/plan.md	operator said go and asked to continue the roadmap	chat 2026-10-05	open
2026-10-05T16:36:00Z	arm	forge is gh because the origin CLI is not installed	playbook says resolve the forge once	Get-Command origin returned nothing	gh
2026-10-05T16:36:30Z	arm	pushed main to the new public repo NDilanka/acquit with an MIT license	operator asked to push with gh, and the roadmap wants a public licensed repo	https://github.com/NDilanka/acquit f867265	done
2026-10-05T16:37:00Z	arm	amended the plan so lanes run in memory-capped waves	the machine has 8 GB with 904 MB free and gh crashed out of memory	commit e156bc5	check-plan 0 problems
2026-10-05T16:38:00Z	arm	operator items checked: buyer password missing from .env, GitHub App and House merchant not set up, Docker API returns 500 during an installer run	these block checkout regression lanes, F3, F5, and F6 but not H0 or F1	.env key names, docker version exit 1	blocked items reported
2026-10-05T16:42:00Z	arm	armed the hourly audit tick at minute 17 and spawned the H0 owner on pv-sol-high in worktree acquit-worktrees/h0	plan says arm the loop on go and H0 is first in the stack	Loop b5543030, task 6dc360bd	open
2026-10-05T16:49:07Z	tick	audit tick 1: H0 owner live with PR 1 open, one pushed commit e15fd39, 12 uncommitted files in progress	side effects show progress, so no stand-down	https://github.com/NDilanka/acquit/pull/1	reported PR 1 opened
2026-10-05T17:32:16Z	verify	H0 code-ready at c5544df; launched round 1 with one serialized live, gates, and perf worker plus two audit lanes on opus and grok	the machine fits one slot at a time, so live lanes run in waves; audits need no app	tasks 10aeb100, 63b33239, 4d589ec1	open
2026-10-05T17:32:16Z	spawn	started the F1 owner on pv-grok-xhigh from stack/h0-lanes	the plan starts a child once its parent is code-ready	task b7cb4073	open
2026-10-05T17:32:16Z	decision	the owner's cap of 0 came from a moment with 1.5 GB free while the Docker installer ran; now 2.5 GB is available, cap 1	checked the memory counters before trusting the number	Available MBytes 2511	open
2026-10-05T17:39:34Z	verify	H0 round 1 secrets audit at c5544df: ISSUES. fund-escrow.mjs:112 puts the buyer password into an eval script that agent-browser session history may keep (high). fund-escrow.mjs:81 writes actions.jsonl without redact (medium)	holding the findings until the live worker and the lifecycle audit finish, so the fix round gets one combined scope	task 4d589ec1	open
2026-10-05T17:43:06Z	verify	H0 round 1 lifecycle audit at c5544df: ISSUES. Medium: a null start time on a failed start orphans the API and blocks start and stop (commands.ts:79-99, process.ts:32-37). Low: trunk run.json rejected, lane 0 ownership split, lanes.mjs cap-0 message and wave start, fund-mode read at dispatch, Clock bypasses in core	holding these with the secrets findings until the live worker reports	task 63b33239	open
2026-10-05T17:48:18Z	tick	Audit tick. Re-read autopilot-stack from the plugin copy, because trunk has no pstack path. H0 swarm worker live, evidence for workers 2 to 9 written by 17:47Z. F1 owner live, pushed ea150fb and opened PR 2 ready on base stack/h0-lanes, with uncommitted ledger work. No stuck lanes. Drift: the memory cap is 0 again at 834 MB free while lanes 3 to 8 are refused, and the measured marginal cost is 157 MB against a perLane estimate of 1084 MB. The cap formula overestimates, so it goes in the H0 fix scope	side effects only; both lanes moved within the last 10 minutes	Reported: PR 2 opened; memory-cap blocker back at cap 0	done
2026-10-05T17:56:08Z	verify	H0 round 1 closed at c5544df: not clean. Gates PASS. Lanes 1-8, 10 and perf BLOCKED by memory cap 0. Lane 9 BLOCKED, no password. Both audits returned ISSUES	the cap formula sums peak working sets plus a 1024 MB reserve, so it needs 2108 MB per slot, yet trunk ran one slot with about 1 GB free. Also, plan lane 10 needs 3 slots while SKILL.md caps at 2	tasks 10aeb100, 63b33239, 4d589ec1	done
2026-10-05T17:56:08Z	spawn	dispatched a fresh H0 fix-round owner on pv-sol-high with a consolidated scope covering S1-S2, L1-L6 and M1-M2	one owner, one round, all findings; separating app-slot cost from browser cost is the root fix for the cap	task 36c76901	open
2026-10-05T18:14:14Z	verify	F1 code-ready at c6d3007 (patch-id c01df42). Launched F1 round 1 audit lanes now (opus: ledger laws; grok: CLI parity and checkLaws duplication). F1 live lanes, gates and perf are deferred until H0 round 2 settles the lane harness and memory cap	the audits are read-only and cheap. Live lanes would compete with H0's fix-round lanes for about 2 GB and run on a harness that is about to change	tasks ba0936cc, eb31d230	open
2026-10-05T18:18:44Z	verify	F1 round 1 ledger-laws audit at c6d3007: ISSUES. Medium: ctl ledger --check uses its own lawResult, not checkLaws (commands.ts:33-57), and passes misordered, negative and fractional books. Medium: checkLaws refund_xor_payout is unreachable (ledger.ts:143). Low: zero-value books accepted, the property test checks law membership but not names, releaseTreasury ignores the observed net. Nit: stale TODOs at ledger.ts:161-163	holding until the parity audit reports, so there is one F1 fix scope	task ba0936cc	open
2026-10-05T18:25:12Z	verify	F1 round 1 parity audit at c6d3007: ISSUES. Confirmed the CLI law-copy divergence (high), LAW_BREAK prints no evidence, perf probe samples an OPEN job and baselines against main instead of the parent, plus five lows (jobs hint, --all filter, stale help text, dead splice, H0 file collisions flagged)	F1 round 1 closed: both audits returned ISSUES; consolidating into one fix scope	task eb31d230	done
2026-10-05T18:25:12Z	spawn	dispatched the F1 fix-round owner on pv-sol-high with consolidated scope F-a to F-l; live and perf lanes deferred until H0 round 2 settles the lane harness	the fix touches the same ctl files H0 round 2 is rewriting, so the owner keeps edits tight and the root absorbs the rebase	task pending	open
2026-10-05T18:48:51Z	tick	Audit tick. Re-read the autopilot-stack playbook from the plugin copy. H0 fix owner live: it pushed 3027239 and 35b1abd to stack/h0-lanes and wrote lane-8 files a minute ago. F1 fix owner live: it is editing ledger tests now, with 4 uncommitted files. No stuck lanes and no drift. The expiry probe order still reads PAYER_ACTION_REQUIRED after about 3 hours	side effects only	branch heads, worktree mtimes, expiry.log	reported none
2026-10-05T19:09:07Z	verdict	F1 fix owner reported CODE-READY 76d37d7 (patch-id 0c7c94e0); all F-a..F-l fixed; 40 tests pass	owner self-report; live and perf deferred to F1 round 2 after H0 settles	ls-remote stack/f1-ledger=76d37d7	code-ready
2026-10-05T19:09:07Z	operator	copied SANDBOX_BUYER_PASSWORD line from scratch/paypal-escrow/.env into root, h0, f1 .env without printing	operator said it was in; key was only in the scratch env	key presence check; files git-ignored	gate cleared
2026-10-05T19:09:07Z	verdict	H0 fix owner reported STACK-READY 35b1abd (patch-id a27aa997); lanes 1-8,10 and perf PASS self-proof; lane 9 blocked at the time	owner self-report needs independent round 2	data/evidence/h0-r2	pending round 2
2026-10-05T19:09:07Z	spawn	H0 round 2 swarm: live lane worker pv-sol-high 9e64253a (gates, lane 9, reruns 1/3/8/10, perf, leak scan), secrets audit pv-opus-medium 82ecd743, lifecycle audit pv-grok-high ec15337d	fresh eyes on the fix diff e156bc5..35b1abd; F1 rebase waits on the H0 verdict so it is done once	tasks launched	open
2026-10-05T19:13:45Z	audit	H0 r2 lifecycle audit ISSUES: high PID-reuse kill window between endpoint answer and deferred captureStartTime (commands.ts:90-103, process.ts:116-123); low one-sided clock assertion server.test.ts:65 flaked once; API session expiry uses wall Date.now (server.ts:26,98); README:66 stale 1024 MB reserve. L1-L6, M1, M2 confirmed fixed	hold for live lane and secrets audit, then one consolidated fix round	ec15337d report	issues
2026-10-05T19:26:23Z	audit	H0 r2 secrets audit ISSUES: medium fill value reaches agent-browser activity stream/dashboard (fund-escrow.mjs:108-115, unconfirmed live); low batch stdout temp file may hold value (process.ts:59-78); low redactor misses form/HTML-encoded, overlap order, undefined throws (safe-browser.mjs:10); low PayPal token regex covers one URL shape, misses app return URL (safe-browser.mjs:12). S1, S2 confirmed fixed	hold for live lane, then one consolidated fix round	82ecd743 report	issues
2026-10-05T19:36:49Z	verdict	H0 round 2 live lane ISSUES: lane 9 FAIL (Sinhala PayPal controls, fund-escrow.mjs:124-125), lanes 8 and 10 BLOCKED by memory (~1.18 GB free), lanes 1 and 3 PASS, perf PASS at 1.1396, gates 36/36, leak scan 0/184	independent run at 35b1abd	data/evidence/h0-r2-verify	issues
2026-10-05T19:36:49Z	spawn	H0 fix round 2 owner pv-sol-high 066b5dd1 with consolidated scope R-1..R-10 (PID reuse, localized approval, agent-browser stream leak check, redactor and token gaps, clock test, session clock, README, lane 8 admission)	one consolidated round from three lanes; F1 rebase still waits on H0	task launched	open
2026-10-05T19:48:26Z	tick	Audit tick. Trunk lacks pstack playbook path; re-read the plugin copy (fallback recorded earlier). Active lane: H0 fix round 2 owner 066b5dd1, live: 12 modified files in h0 worktree, perf boot.json and secret-probe evidence written within the last minute, lane-1 wave running; no push yet (drift vs push-after-every-unit noted, not stuck). F1 idle at code-ready 76d37d7 awaiting H0. Remote heads unchanged (h0 35b1abd, f1 76d37d7). No stuck lanes	side effects only	worktree mtimes, evidence/h0-r3, ls-remote	reported none
2026-10-05T20:43:53Z	verdict	H0 fix round 2 owner CODE-READY 0b9f7b4 (patch-id 9fb0eba3); R-1..R-10 fixed or mitigated; self-proof lanes 9, 8, 10, 1, 6 PASS; perf ratio 1.068; 46 tests	owner self-report; ls-remote confirms 0b9f7b4	data/evidence/h0-r3	code-ready
2026-10-05T20:43:53Z	spawn	H0 round 3 swarm at 0b9f7b4: live pv-sol-high 32bc7c89 (gates, lane 9, 6, 8, 10, perf, leak scan), secrets audit pv-opus-medium 29635118, lifecycle audit pv-grok-high 6d97fcb1	independent verdict at exact SHA before append	tasks launched	open
2026-10-05T20:47:46Z	tick	Audit tick. origin/main still lacks pstack playbook path; re-read the plugin copy (hash 007C0A3B1201 unchanged). H0 round 3 swarm live: live lane 32bc7c89 wrote lane-9 evidence and lane-9 DB within the last minute; secrets audit 29635118 and lifecycle audit 6d97fcb1 running about 4 min, actively probing binary and running npm test. Remote heads unchanged (h0 0b9f7b4, f1 76d37d7); h0 worktree clean. No stuck lanes, no drift	side effects only	evidence/h0-r3-verify mtimes, task peeks, ls-remote	reported none
2026-10-05T20:51:55Z	pause	operator asked for a handoff; stopped H0 round 3 live lane 32bc7c89 and secrets audit 29635118, cancelled Loop b5543030, cleaned owned lane 9 slot (ports 4400/5263) and its browser; left foreign agent-browser PID 11852	Pause safely step 1	lanes.mjs cleanup 9 stopped=true	done
2026-10-05T20:51:55Z	verdict	H0 round 3 at 0b9f7b4 ISSUES: lifecycle audit 2 high (null-startTime publish before readiness orphans on CLI kill, commands.ts:80-87; sync exitCode lags exit event 2-263 ms so reused PID adoptable, process.ts:132-142), medium lane 8 restart not mechanical (lanes.mjs:127-157), lane 9 FAIL btnNext wait timeout 60 s (h0-r3-verify/lane-9/approve.log); 46/46 tests twice; secrets audit cancelled, no verdict	third ownership failure under one premise	ec/6d97fcb1 report, approve.log	issues
2026-10-05T20:51:55Z	decision	operator then said complete all tasks here; resumed instead of pausing. Attack the premise: ownership proven by PID plus start time captured after spawn has failed three rounds; directed owner to move the proof into the process (per-start nonce in argv verified at stop) with a census script first	principle-attack-the-premise	three failed rounds L1, R-1, r3 highs	directive
2026-10-05T20:51:55Z	spawn	H0 fix round 3 owner pv-grok-xhigh 8af93412 (ownership redesign, owned restart for lane 8, lane 9 PayPal flow variants with step deadlines, stream-port guard); re-armed hourly Loop 24c62748 at :17	hardest-tier concurrency change goes to xhigh	task launched	open
2026-10-05T21:47:35Z	tick	Audit tick. origin/main still lacks pstack playbook; re-read plugin copy (hash 007C0A3B1201 unchanged). H0 fix round 3 owner 8af93412 live: pushed 1469c6b (pre-spawn nonce ownership) to stack/h0-lanes, lanes.mjs edit in progress, lane-1 evidence and wave.json written within the last minute. F1 idle at 76d37d7 awaiting H0. No stuck lanes, no drift, no code-ready head yet	side effects only	ls-remote, worktree and evidence/h0-r4 mtimes	reported none
2026-10-05T22:15:14Z	verdict	H0 fix round 3 owner CODE-READY 6bd0a44 (patch-id b4e7a6c7); pre-spawn nonce ownership, census 28 sites 0 unproven, lanes.mjs restart, stream disable guard; lanes 1, 6, 8, 10 PASS self-proof; lane 9 HELD twice but one held-wait timeout; perf 1.126; 46 tests; lanes 6 and 8 died once unexplained; app cost remeasured 246 MB vs 519	owner self-report; ls-remote confirms 6bd0a44	data/evidence/h0-r4	code-ready
2026-10-05T22:15:14Z	spawn	H0 round 4 swarm at 6bd0a44: live pv-sol-high 959faf66 (lane 9 twice, 6 reclaim, 8 restart, 10 with all three healthy pre-cleanup, lane-death capture, memory method stability, perf, leak scan), secrets pv-opus-medium 4a869146, lifecycle pv-grok-high cbe0ccb0 (nonce substring collisions, races, census rerun, lane-death code cause)	independent verdict at exact SHA	tasks launched	open
2026-10-05T22:24:04Z	audit	H0 r4 secrets audit ISSUES, all low or info: stream check once not per fill (fund-escrow.mjs:131-151), dashboard probe misses ::1 and non-Windows custom ports (safe-browser.mjs:9, process.ts:65-72, fund-escrow.mjs:116), redactor misses email case and lowercase percent forms (safe-browser.mjs:106-121), token stripping misses other sandbox subdomains and schemeless URLs (safe-browser.mjs:84-105), stale nonce comments (process.ts:35, ownership-preload.cjs:1-2). No working credential route found	hold for live and lifecycle lanes	4a869146 report	issues-low
2026-10-05T22:25:29Z	audit	H0 r4 lifecycle audit ISSUES: high bystander command line containing preload and nonce authorizes kill (process.ts:54-56); high quoted preload path with spaces makes owned process unkillable (process.ts:56); high --append and restart price only added lanes, bypass cap, and failed append cleanup stops sibling lanes (lanes.mjs:146-198); medium lifecycle lock delete-then-create race (state.ts:90-99); medium Unix no setsid so killTree misses children (process.ts:125,132-139); census is syntactic, skips lanes.mjs. Nonce CSPRNG and legacy records OK; 46/46 twice	hold for live lane; ownership premise now: substring of OS command line	cbe0ccb0 report	issues
2026-10-05T22:40:59Z	verdict	H0 round 4 at 6bd0a44 ISSUES (round closed): live lanes 1, 6, 8, 10 PASS, lane 9 FAIL both fresh approvals timed out on stale cached btnNext (fund-escrow.mjs:159-189); perf 0.976; memory 240-248 MB app, 657-686 MB browser consistent; leak scan 0/650; no lane deaths; plus lifecycle highs and secrets lows	three lanes reported	h0-r4-verify, cbe0ccb0, 4a869146	issues
2026-10-05T22:40:59Z	spawn	H0 fix round 4 owner pv-grok-xhigh 404518c0: replace command-line ownership with a pipe challenge proof, atomic lock, Unix tree kill, admission pricing running plus new lanes, lane 9 as a re-probing state machine proven by three fresh first-attempt passes, all secrets lows	attack the premise: ownership failed four rounds, lane 9 three rounds, each on one premise	task launched	open
2026-10-05T22:47:36Z	tick	Audit tick. origin/main still lacks pstack playbook; re-read plugin copy (hash 007C0A3B1201 unchanged). H0 fix round 4 owner 404518c0 live: 9 modified files, fund-escrow.mjs and safe-browser.mjs written seconds ago, h0-r5 decisions.tsv 5 min ago, wave run at 22:37. No push yet since launch (drift vs push-after-every-unit noted; not stuck). F1 idle at 76d37d7. Remote heads unchanged	side effects only	worktree and evidence mtimes, ls-remote	reported none
2026-10-05T23:47:35Z	tick	Audit tick. origin/main still lacks pstack playbook; re-read plugin copy (hash unchanged). H0 fix round 4 owner 404518c0 live: pushed 7d1cc55, bb3aa2c, 1ea5762, fc3b56c to stack/h0-lanes (head fc3b56c, not yet code-ready), driving lane 9 run 2 with evidence written seconds ago. Push drift from last tick resolved. F1 idle at 76d37d7. No stuck lanes	side effects only	ls-remote, evidence/h0-r5 mtimes	reported none
2026-10-05T23:56:34Z	verdict	H0 fix round 4 owner STACK-READY 96fec43 (patch-id 0f96bfd2); pipe-challenge ownership, pipe lock, admission prices running plus new, lane 9 re-probe state machine with re-sign, secrets lows fixed; self-proof lanes 1, 6, 8, 9 x3, 10 PASS; perf 0.850; census 16 kill sites 0 failed	owner self-report; ls-remote confirms 96fec43	data/evidence/h0-r5	stack-ready pending verdict
2026-10-05T23:56:34Z	spawn	H0 round 5 swarm at 96fec43: live pv-sol-high e026f425 (lane 9 x3 first-attempt, lane 6 pipe proof incl. bystander pipe and concurrent start, 8 restart, 10 plus append cap, 1, perf, leak scan), secrets pv-opus-medium c45e2433, lifecycle pv-grok-high cbb8baec (pipe squatting, server pid check, Vite workers, admission formula)	independent verdict at exact SHA	tasks launched	open
2026-10-06T00:15:31Z	audit	H0 r5 lifecycle audit ISSUES: pipe squatting (bystander binds acquit-<nonce> before the child and answers any pid; answer never checked against pipe server pid; process.ts:40-66, ownership-preload.cjs:9-32, state.ts:81-89); census still syntactic (ownership-census.mjs:38-40). All five prior findings fixed at root; 47/47 twice; memory formula sound. Root triage: squat needs a same-user process that reads run.json or the process list and binds first, which can already taskkill directly, so no new capability; rated medium pending a cheap server-pid check (GetNamedPipeServerProcessId) rather than high	threat model: same-user actor gains nothing; accidental bystander cannot hit a random 128-bit name	cbb8baec report	issues
2026-10-06T00:21:07Z	audit	H0 r5 secrets audit ISSUES: medium redactor returns decoded text so unmatched encodings rebuild raw secrets (safe-browser.mjs:98-128); medium ::1 dashboard not refused, probe default host makes check dead (safe-browser.mjs:12, process.ts:74, test stub evidence.test.ts:73); low email case-insensitivity (safe-browser.mjs:114); low no origin recheck right before fill (fund-escrow.mjs:145-177); low pipe squat, unbounded pipe buffer, lock pipe squat and 24-byte lock-name truncation; cli tests flaky on Windows (EPERM rename state.ts:89, one hang). Killed leftover owner-round bystander fixture PID 11336 (node -e setInterval with test nonce)	fixture created by this run's owner, verified command line	c45e2433 report	issues
2026-10-06T00:27:26Z	verdict	H0 round 5 at 96fec43 ISSUES (round closed): all live lanes PASS (lane 9 3/3 first attempt, 6, 8, 10, 1), perf 1.016, leak scan 0/499; npm test flaky (EPERM rename state.ts:89, one hang); plus secrets mediums (redactor decode rebuilds secrets, ::1 dashboard) and pipe squat	three lanes reported	h0-r5-verify, cbb8baec, c45e2433	issues
2026-10-06T00:27:26Z	spawn	H0 fix round 5 owner pv-sol-high 08059401: S-1..S-4 secrets, O-1..O-4 pipe server-pid check and fail-fast bind, idle timeout, full-hash lock name, ready only after pipes answer, G-1 flaky gate proven by 10 green runs, census honesty	remaining work is bounded hardening, no premise change, so high tier not xhigh	task launched	open
2026-10-06T00:47:52Z	tick	Audit tick. origin/main still lacks pstack playbook; re-read plugin copy (hash unchanged). H0 fix round 5 owner 08059401 live: pushed c1baa5d and 11632fb (head 11632fb, not yet code-ready), lane-9 evidence and h0-r6 decisions written within 2 min, tree clean. F1 idle at 76d37d7. No stuck lanes, no drift	side effects only	ls-remote, evidence/h0-r6 mtimes	reported none
2026-10-06T01:14:47Z	verdict	H0 fix round 5 owner BLOCKED at 1b3bf56 (patch-id ffd521de): S-1..S-4, O-1..O-4, G-1 fixed (56 tests x10 green); live at 11632fb lanes 6, 9, 1 PASS; perf 1.418 FAIL then 0.965 PASS; blocker: CLI killed mid-start left suspended Vite PID 9336 that cannot prove ownership	owner self-report; ls-remote confirms 1b3bf56	data/evidence/h0-r6	blocked
2026-10-06T01:14:47Z	cleanup	root stopped PID 9336 after confirming its command line named the h0 worktree vite on lane-6 port 5233 with a test nonce; no h0 processes remain	created by this task's owner; suspended, no ports	taskkill result	done
2026-10-06T01:14:47Z	decision	treat the suspended-spawn orphan as a candidate accepted residual rather than commissioning a job-object redesign: invariant that matters is never kill an unowned process, which still holds; orphan only when the CLI dies inside the spawn window; lifecycle audit asked for cost and recommendation before final call	laziness protocol, six rounds on lifecycle; residual fails closed	pending audit	open
2026-10-06T01:14:47Z	spawn	H0 round 6 swarm at 1b3bf56: live pv-sol-high 7fe186c9 (tests x5, lane 9 x2, lane 6 incl. squatter and early-kill sweep, 8, 10, 1, perf x2 with explanation, leak scan), secrets pv-opus-medium 9e105c68, lifecycle pv-grok-high 82c6b92f (suspended-child cause, residual acceptability)	final-head live and perf were not run by the owner	tasks launched	open
2026-10-06T01:25:21Z	audit	H0 r6 lifecycle audit ISSUES: round-5 fixes O-1..O-4, G-1 hold; ownership invariant holds (every kill proven or own handle); suspended child is libuv UV_PROCESS_DETACHED CREATE_SUSPENDED window before ResumeThread, not the gate; medium stop depends on powershell.exe 5.1 and Add-Type, fails closed (process.ts:62-66); lows: peer helper read has no cancellation, Unix ownedProcess always false, gate cannot see pre-first-instruction suspension. 56/56 x3		82c6b92f report	issues
2026-10-06T01:25:21Z	decision	accept the suspended-spawn orphan as a residual; no job-object redesign. Require only a read-only doctor/status report of unproven processes carrying this lane's recorded nonce with a manual recovery command, plus pwsh fallback for the peer helper	auditor and root agree: fails closed, sub-millisecond libuv window, job object adds a new ownership mechanism with more risk than the leak	82c6b92f recommendation	decided
2026-10-06T01:29:00Z	audit	H0 r6 secrets audit ISSUES: high dashboard discovery misses custom-port dashboards (0.37.1 dashboard process has no 'dashboard' in argv; fund-escrow.mjs:118-121), so S-2 ineffective in practice; medium-low bare powershell.exe, taskkill, agent-browser resolved from cwd first (process.ts:66,137, fund-escrow.mjs:74,119,153); lows: redactor misses JSON control escapes, invalid UTF-8 runs, Latin-1, extra named entities, base64, NFD; helper gets full env. S-1, S-3, S-4 hold. Auditor's first probe may have attached to the operator desktop browser via inherited AGENT_BROWSER_CDP; no sessions remain, test dashboard stopped		9e105c68 report	issues
2026-10-06T01:44:12Z	verdict	H0 round 6 at 1b3bf56 ISSUES (round closed): live lane CLEAN (lane 9 x2 first attempt, 6 incl. squatter and 0-600 ms kill sweep, 8, 10, 1; 56/56 x5; perf 1.006 and 1.106; leak 0/343); secrets high custom-port dashboard undiscovered, medium-low cwd executable resolution; lifecycle medium powershell 5.1 dependency; accepted residual needs a read-only report	three lanes reported	h0-r6-verify, 9e105c68, 82c6b92f	issues
2026-10-06T01:44:12Z	spawn	H0 fix round 6 owner pv-sol-high eb760372: dashboard discovery by listening-port ownership plus stream-disable experiment, absolute executable paths, pwsh fallback with minimal env, read-only suspended-orphan report and SKILL note, redactor control escapes and invalid UTF-8 runs; experiments must strip AGENT_BROWSER_* so nothing attaches to the operator desktop browser	live lane clean, remaining items bounded	task launched	open
2026-10-06T01:47:33Z	tick	Audit tick. origin/main still lacks pstack playbook; re-read plugin copy (hash unchanged). H0 fix round 6 owner eb760372 live: pushed b7f3bc5 (trusted helper paths, minimal env), head b7f3bc5 not yet code-ready, worktree files written within the last minute. F1 idle at 76d37d7. No stuck lanes, no drift	side effects only	ls-remote, worktree mtimes	reported none
2026-10-06T02:15:06Z	verdict	H0 fix round 6 owner CODE-READY cc42aad (patch-id 38fc55f3): dashboard discovery by listener ownership (4848 and 61999 refused; stream disable stops observers), absolute helper paths, pwsh fallback with minimal env, read-only suspended report, redactor control escapes and tolerant percent runs; 63/63 x5; lanes 6 and 9 PASS; perf 0.957; leak 0/67	owner self-report; ls-remote confirms cc42aad	data/evidence/h0-r7	code-ready
2026-10-06T02:15:06Z	spawn	H0 round 7 swarm at cc42aad: live pv-sol-high bcc105f7 (tests x5, dashboard refusal both ports, lane 9 x2, lane 6 incl. planted powershell.exe and status report, 8, 10, 1, perf x2, leak scan), secrets pv-opus-medium 976b8373, lifecycle pv-grok-high e375d1a2	independent verdict at exact SHA	tasks launched	open
2026-10-06T02:24:24Z	audit	H0 r7 secrets audit ISSUES: medium redactor misses secrets combining an escaped char with + or %hh or entity in one pass (safe-browser.mjs:128-168; not a regression); low-medium dashboard discovery exact-name match misses npx agent-browser-win32-x64.exe (browser-safety.ts:11); lows: check-to-fill stream race (documented), spoofable daemon pid file (same user), bare taskkill/git in dev and perf scripts. Helper minimal env OK on pwsh 7.6 and PS 5.1; abs paths and PATH resolution OK	round 1-7 leak scans all zero; findings are defense in depth	976b8373 report	issues
2026-10-06T02:29:20Z	audit	H0 r7 lifecycle audit ISSUES: high suspended report prints a bare taskkill for any process whose command line contains the nonce, not bound to worktree, preload, or creation time, unsafe on pid reuse (suspended.ts:23-35); medium same-nonce sibling gets a command; low cli.test.ts:148 times out at 30 s because each stop spawns a 1.6-2.4 s PowerShell helper (2 of 3 runs cancelled). Kill invariant, pwsh fallback, minimal env, executable caching, listener discovery all hold	the new report adds risk; fix by binding or subtracting it	e375d1a2 report	issues
2026-10-06T02:47:35Z	tick	Audit tick. origin/main still lacks pstack playbook; re-read plugin copy (hash unchanged). H0 round 7 live lane bcc105f7 live: running perf run 2, evidence written seconds ago. Secrets and lifecycle audits done. Remote heads unchanged (h0 cc42aad, f1 76d37d7). No stuck lanes, no drift	side effects only	evidence/h0-r7-verify mtimes, ls-remote	reported none
2026-10-06T02:49:52Z	verdict	H0 round 7 at cc42aad ISSUES (round closed): live all PASS (dashboard refusal 4848 and 61999, lane 9 x2, 6, 8, 10, 1, perf 1.057 and 0.944, leak 0/433); test gate flaky (cli.test.ts:148 30 s timeout in 3 of 5); lifecycle high unbound recovery command; secrets medium combined-escape redaction, low-medium exact-name dashboard match	three lanes reported	h0-r7-verify, e375d1a2, 976b8373	issues
2026-10-06T02:49:52Z	spawn	H0 fix round 7 owner pv-sol-high (final narrow round): bound guarded recovery command or details only, direct encoded-form secret matching, agent-browser* match, helper cost or timeout with 5 green runs; lows recorded as follow-ups not fixed	converge: remaining findings are defense in depth or report-only; next verification will be targeted to the diff	task launched	open
2026-10-06T03:11:05Z	verdict	H0 fix round 7 owner CODE-READY 879380c (patch-id f0e7a753): suspended report details-only with parsed argv, direct encoded-form redaction, agent-browser* match, stop drops redundant pass (4 helpers not 6; test 17-19 s under 30 s); 65/65 x5; lanes 6, 9 PASS; perf 0.914; leak 0/64	owner self-report; ls-remote confirms 879380c	data/evidence/h0-r8	code-ready
2026-10-06T03:11:05Z	spawn	H0 round 8 targeted swarm at 879380c (diff cc42aad..879380c, 8 files): live pv-sol-high 0dba01cd (tests x5, lane 6, dashboard refusal, lane 9, lane 10 short, perf, leak), diff audits pv-opus-medium 41ef2659 and pv-grok-high 18645534	converge: verify the delta plus affected regressions, two-lab audit on the diff	tasks launched	open
2026-10-06T03:18:05Z	audit	H0 r8 diff audit (opus) CLEAN: ownership invariant intact, CommandLineToArgvW round-trip exact, redactor 48/48 combined forms with bytes preserved, agent-browser* no over-match; lows: numeric-entity, \\u0022 and percent-of-HTML forms still missed (pre-existing, follow-up), cli.test.ts:148 hit 30 s once in combined run (23.5 s alone); info: preload scan not limited to node options	cli.test.ts:148 timing is the one item to watch in live gate loop	41ef2659 report	clean
2026-10-06T03:24:24Z	audit	H0 r8 diff audit (grok) CLEAN: stop re-proves before every kill, partial failure unchanged, argv parser via CommandLineToArgvW, report emits no command; 65/65 x3 but cli.test.ts:148 took 22.8-28.4 s against a 30 s timeout (opus saw one 30 s timeout)	thin margin, decide after live gate loop	18645534 report	clean
2026-10-06T03:29:33Z	verdict	H0 round 8 at 879380c ISSUES (round closed): both diff audits CLEAN; live lane 6, dashboard refusal, lane 9, lane 10, leak 0/143 PASS; defects cli.test.ts:148 30 s timeout 1 of 5, boot ratio 1.1511 vs 1.15 with trunk median inflated to 1.40 s	three lanes reported	h0-r8-verify, 41ef2659, 18645534	issues
2026-10-06T03:29:33Z	decision	perf miss judged load noise pending reruns: diff cc42aad..879380c does not touch boot path, prior heads measured 0.91-1.11, this head 0.914 for the owner, trunk median inflated 1.40 vs typical 0.9-1.0. Test flake fixed by a measured 60 s timeout, not more design work; tiny pv-sol-low owner reruns tests x5 and perf x3	explain the number before acting on it	boot.json values	decided
2026-10-06T03:29:33Z	spawn	H0 tiny owner pv-sol-low: raise cli.test.ts:148 timeout to 60 s, tests x5, perf x3	one-line change	task launched	open
2026-10-06T03:40:59Z	verdict	H0 CLEAN at 2a27d59: round 8 diff audits both CLEAN at 879380c, live behaviour all PASS; 2a27d59 is a one-line test timeout 30 to 60 s, verified by 5 green runs (65/65, target 9.6-15.8 s) and perf x3 (0.922, 0.972, 1.034); round-8 perf 1.1511 judged load noise (trunk median 1.40 s inflated). main e156bc5 is ancestor, no trunk drift. PR 1 base main, mergeable, no checks configured	explain the number; test-only delta	PR 1 comment 6008852746, h0-r8-verify	clean
2026-10-06T03:40:59Z	append	H0 appended as stack root (PR 1, base main); verdict posted as PR comment https://github.com/NDilanka/acquit/pull/1#issuecomment-6008852746	playbook step 5 and 8	gh pr comment	done
2026-10-06T03:40:59Z	spawn	F1 rebase owner pv-sol-high: rebase stack/f1-ledger 76d37d7 onto H0 2a27d59 in f1 worktree, port F1 onto H0's rewritten ctl, gates x3, smoke; no push, root pushes with force-with-lease	conflicts are in F1's slice; owner fixes its slice, root writes topology	task launched	open
2026-10-06T03:47:38Z	tick	Audit tick. origin/main still lacks pstack playbook; re-read plugin copy (hash unchanged). F1 rebase owner cc5a0ca7 live: rebase complete locally (6 F1 commits atop H0 2a27d59, ahead 33 behind 6, not pushed as instructed), lane-9 smoke running with DB written seconds ago. H0 stack root at 2a27d59 unchanged; main e156bc5 unchanged, no trunk drift. No stuck lanes, no drift	side effects only	f1 worktree log and mtimes, ls-remote	reported none
2026-10-06T09:25:16	F1-r2	laws audit CLEAN	300k oracle fuzz 0 mismatches; 6 low notes (law naming mismatch, loose property check, refundTreasury zero fee, plan scope drift)	4bd54483	await live+CLI
2026-10-06T09:33:25	F1-r2	CLI audit ISSUES	no H0 regression; M1 ledger column padding vs plan; M2 ledger --job 403/400 -> PROCESS_FAILED; M3 perf ledger.mjs times setup; L read-only --all OK	c746a853	fix round after live report
2026-10-06T09:51:43	F1-r2	live ISSUES -> consolidated fix round	lanes 3-10 PASS; lane1 baseline mem-blocked; lane2 House bid fixture; perf ledger.mjs npm_execpath bootstrap bug; boot ratio 1.18; plus CLI M1-M3, laws L1	ae9b6227,c746a853,4bd54483	dispatch fresh fix owner
2026-10-06T10:17:18	tick	audit: playbook hash 007C0A3B1201 unchanged, no drift; F1 fix owner 79cb3b07 progressing (6 files edited, test logs 10:16)	side effects in f1 worktree + f1-r3-fix evidence	f1 worktree	reported none
2026-10-06T10:34:20	F1-r3	fix owner CODE-READY f77809c; launch round 3 swarm (live sol-high, diff audits opus + grok)	M1-M3,L1,lane2 recipe,boot deferred imports; 80/80 x3; perf ok	79cb3b07	launch
2026-10-06T10:39:25	models	operator: switch subagents to DeepSeek V4.1 Flash except front-end; wrote ~/.factory/pvstack-models.md budget+overrides; takes effect after current F1 r3 swarm	cost; experiment whether DeepSeek matches; cross-family audit diversity lost, root diff review + track escapes	operator message	applied
2026-10-06T10:42:14	models	operator: DeepSeek for heavy work, Sol 6.1 for judging; sheet updated (judgment/synthesis/cross-judge -> pv-sol-high; audit pair ds-max + sol-high; panels trimmed to 2)	cost with two-family audit restored	operator message	applied
2026-10-06T10:49:50	F1-r3	CLI audit: no F1 blockers (lows only: plan says API read, tutorial RELEASED note text, ledger.mjs stop-throw gap); residual JSON error = H0 latent preload run.json truncation -> H0 follow-up list	F1 contract holds incl. injection ids, WAL read, other-client books	95a10894	await live + ledger audit
2026-10-06T10:58:42	F1-r3	ledger audit ISSUES: M perf ledger.mjs adopts alreadyRunning lane-0 app and stops it; L stop loop aborts early; L plan text, --all --check on missing DB passes silently, checkLaws([null]) TypeError, H0 test 21 flaky under load	300k oracle fuzz 0 mismatches incl law names	e6cde8e6	fix round after live report (DeepSeek owner)
2026-10-06T11:06:50	F1-r3	droid crash killed live lane 20ff70ea mid-run (lane1-baseline PASS, lane1-head/lane2 MEMORY_BLOCKED 505-522 MB free); root stopped orphan lane 29 via ctl stop (pids 5340,24456) and orphan live.mjs 20120; free mem 1400/7930 MB	stuck lane stood down; replacement = fix round then round 4	f1-r3-verify/browser-lanes-results.json	dispatch DeepSeek fix owner
2026-10-06T11:12:59	F1-r3	Droid restart killed fix owner a1cd53ae before any commit; root stopped orphan lane 9 (pids 7500,12504); re-dispatched fresh pv-ds-max owner with same brief + commit-early	no edits in worktree; lane 9 fixture DB kept	f1 worktree clean at f77809c	re-dispatched
2026-10-06T11:17:25	tick	audit: playbook hash 007C0A3B1201 unchanged, no drift; F1 fix owner 50b9a733 progressing (commit 60de8e6, commands.ts/state.ts edits)	side effects in f1 worktree	f1 git log	reported none
2026-10-06T11:33:55	F1-r4	fix owner 50b9a733 (pv-ds-max) CODE-READY 6944f7a; root reviewed core/ctl diff OK; launch round 4: live pv-sol-high (browser = front-end rule), audits pv-ds-max + pv-sol-high	86/86 x2, perf pass with lane-0 dev app surviving; residual ledgerText null -> IO_FAILED	50b9a733	launch
2026-10-06T11:44:48	F1-r4	verdict audit (sol-high) ISSUES: M checkLaws coerces null FEE processor to 0 -> PAID / Laws OK false green (ledger.ts:132-143); deviations judged acceptable for F1; H0 unchanged; 86/86	false-green diagnostic; reducer refuses same move	b7e0baf8	await live + ds audit; DeepSeek-escape candidate if ds audit misses
2026-10-06T11:45:20	F1-r4	ds-max code audit CLEAN (170k fuzz 0 mismatches; INFO lane 61/62 mid-start race, empty jobs table passes --check, RELEASED-without-FEE label, dead failures counter)	DEEPSEEK ESCAPE #1: missed sol-high's null FEE processor false green (fuzz palette lacked null fee fields)	d9d5a8de vs b7e0baf8	escape count 1; fix round after live report
2026-10-06T12:12:53	F1-r4	live ISSUES: lanes 2-10 PASS, boot 0.83/1.04; lane1 approve BLOCKED by external agent-browser dashboard; ledger perf BLOCKED by my one-lane rule (probe needs lanes 0,61,62). Root found orphan agent-browser.exe 6244 (parent dead, created 11:49 during live run, no browser child) and stopped it. Round closed ISSUES -> fix round (null FEE) then round 5 with perf allowed 3 app lanes, no browser concurrently	c67d9dc2, dashboard-blocker.json	dispatch DeepSeek fix owner
2026-10-06T12:17:18	tick	audit: playbook hash 007C0A3B1201 unchanged, no drift; F1 fix owner 4d6ec6ef progressing (commits 81956b6, df8afec; perf edit in progress)	side effects in f1 worktree + f1-r5-fix evidence 12:16	f1 git log	reported none
2026-10-06T12:26:41	F1-r5	fix owner 4d6ec6ef died (model_provider_unreachable, operator connection lost) after committing all fixes 81956b6, df8afec, 8367f14; tests 88/88 x2 in evidence; perf gate unrun. Root accepts 8367f14 as code-ready from side effects; perf gate folded into round 5 live; launch round 5 (live sol-high, audits ds-max + sol-high)	worktree clean, no orphan processes	f1-r5-fix/npm-test-*.txt	launch
2026-10-06T12:37:59	F1-r5	connection loss killed all 3 round-5 agents (live 8cc8be36 reached typecheck/test only; audits no output). Root stopped orphans: 2 npm test trees + 4 ctl-test fixture apps, agent-browser 19532 + headless temp-profile chrome (parent dead). A new agent-browser 23096 + chrome appeared 12:36:19 after cleanup, origin unknown (possibly operator) -> left alone. Relaunching round 5 fresh	side effects only; no tracked edits	f1-r5-verify/test.log	relaunch
2026-10-06T12:44:54	F1-r5	ds-max code audit CLEAN: 900k fuzz (3 seeds, all bad numeric values per field) 0 false accept/reject/throw; 2 low law-name wording on invalid books; perf rule unchanged	null-FEE false green fixed at root	50b76968	await live + sol verdict
2026-10-06T12:46:07	F1-r5	sol verdict ISSUES: M ledger --check false green when stored escrow.book null/missing (storedBook projects to [], commands.ts:72, job.ts:614); L perf --requests not multiple of 40 always fails. Null-FEE fix confirmed (168 cases). Second stored-JSON false green -> premise: check must validate the stored row, not a projection. Fix round waits for live report (same worktree)	not a DeepSeek escape (ds scope was round diff)	33d02f27	consolidate after live
2026-10-06T12:56:56	F1-r5	live ISSUES: perf PASS (H0 1.5555 ms, head 1.4566 ms) + lane-0 survived; lane 10 9 DBs PASS; null-FEE CLI LAW_BREAK; 88/88 retry (1 dashboard-test flake); lane 1 approve BLOCKED by agent-browser 23096. Root judged 23096 a subagent orphan (headless=new, temp profile, parent dead; operator cannot use a headless browser) and stopped it. Round 5 closed ISSUES -> fix round (stored-row --check validation, perf --requests) + lane 1 approve in round 6	c08f5e22 lane1-head/approve.log	dispatch DeepSeek fix owner
2026-10-06T12:58:11	F1-r5	after stopping 23096 a new agent-browser 23216 spawned 12:56:53 (parent gone): something respawns the daemon, likely Factory's own browser tool, not a lane. Decision: no more kills; round 6 retries lane 1 once; if still blocked, accept lane 1 HELD on round-2 head evidence (funding path unchanged since) + perf probe card funding to HELD; operator can instead stop the daemon source. Dispatched fix owner bca1fa99 (pv-ds-max)	respawn observed	process table	decision + dispatch
2026-10-06T13:17:32	tick	audit: playbook hash 007C0A3B1201 unchanged, no drift; F1 fix owner bca1fa99 progressing (commits bd43035, 90fba94, f9a424c, 6fec296; evidence 13:17)	side effects in f1 worktree	f1 git log	reported none
2026-10-06T13:19:40	F1-r6	fix owner bca1fa99 CODE-READY 6fec296 (storedBookRaw: --check judges stored value; render after check; perf requests multiple of 40); 90/90 x2. Root reviewed job.ts/commands.ts diff OK; open question CLOSED+legal HELD book prints Laws OK (state-vs-book) -> auditors judge. Launch round 6 (live sol-high lane1 retry + smoke, ds-max whole-F1 audit, sol-high verdict)	premise fixed: check no longer reads projection	bca1fa99	launch
2026-10-06T13:28:45	F1-r6	sol verdict CLEAN at 6fec296: 43/43 malformed scratch rows LAW_BREAK via real CLI; CLOSED+HELD judged acceptable (laws cover book, not job-state schema); perf --requests guard OK; one H0 immediate-stop test timeout when run concurrently with other agents (reconcile with live full suite)	no blocker/medium	140f4edf	await live + ds whole audit
2026-10-06T13:33:38	F1-r6	ds-max whole audit ISSUES no blockers: 20,186 stored rows via real CLI, 0 false green/red; lows: bids null and jobs state null -> IO_FAILED (fail-closed), zero-row jobs table passes --check, FEE render shows null as 0.00. Recommends separate state-agreement check. ROOT DECISION: state-vs-book agreement out of F1 scope (sol + plan agree laws are book-internal); record as F2 follow-up in verdict; lows recorded as follow-ups, not blocking	Laziness + plan scope; two auditors split, plan text decides	8b3b735e	await live
2026-10-06T13:38:28	F1-verdict	F1 CLEAN at 6fec296; lane 1 accepted on round-2 HELD evidence (pre-announced default; respawning external agent-browser blocks approval, fixtures consumed); pushed ff 1fd39fa..6fec296 with lease; verdict comment posted; PR 2 MERGEABLE base stack/h0-lanes. F1 appended to stack	live 308ed998 no ledger defect; audits 140f4edf CLEAN, 8b3b735e no blockers	https://github.com/NDilanka/acquit/pull/2#issuecomment-6012108758	appended; next F3
2026-10-06T13:40:43	F3-start	created worktree acquit-worktrees\f3 branch stack/f3-verifier at 6fec296; spawned F3 backend owner b5f093b5 (pv-ds-max). Operator items missing: GitHub App id/key + acquit-forks org (no GITHUB* names in .env), Docker daemon down. Owner builds unit scope with fakes + named errors; JobPage.tsx reserved for front-end delegate	plan: start owner early, unit work proceeds, live lanes need App + Docker	docker info fail; .env names	spawned
2026-10-06T13:50:18	park	operator asked to park (context full): stopped F3 owner b5f093b5 (no writes), cancelled Loop 24c62748, rewrote data/trail/resume.md; no lanes or orphan processes running; f3 worktree clean at 6fec296	pause safely	resume.md	parked
